DateKey,Date,DateLabel,Year,QuarterNumber,YearQuarter,MonthStart,MonthNumber,MonthName,MonthShort,YearMonth,YearMonthSort,WeekStart,ISOWeekNumber,DayOfWeekNumber,DayOfWeekName,IsWeekend,IsWorkingDay
20250401,2025-04-01,01 Apr 2025,2025,2,Q2 2025,2025-04-01,4,April,Apr,2025-04,202504,2025-03-31,14,2,Tuesday,False,True
20250402,2025-04-02,02 Apr 2025,2025,2,Q2 2025,2025-04-01,4,April,Apr,2025-04,202504,2025-03-31,14,3,Wednesday,False,True
20250403,2025-04-03,03 Apr 2025,2025,2,Q2 2025,2025-04-01,4,April,Apr,2025-04,202504,2025-03-31,14,4,Thursday,False,True
20250404,2025-04-04,04 Apr 2025,2025,2,Q2 2025,2025-04-01,4,April,Apr,2025-04,202504,2025-03-31,14,5,Friday,False,True
20250405,2025-04-05,05 Apr 2025,2025,2,Q2 2025,2025-04-01,4,April,Apr,2025-04,202504,2025-03-31,14,6,Saturday,True,False
20250406,2025-04-06,06 Apr 2025,2025,2,Q2 2025,2025-04-01,4,April,Apr,2025-04,202504,2025-03-31,14,7,Sunday,True,False
20250407,2025-04-07,07 Apr 2025,2025,2,Q2 2025,2025-04-01,4,April,Apr,2025-04,202504,2025-04-07,15,1,Monday,False,True
20250408,2025-04-08,08 Apr 2025,2025,2,Q2 2025,2025-04-01,4,April,Apr,2025-04,202504,2025-04-07,15,2,Tuesday,False,True
20250409,2025-04-09,09 Apr 2025,2025,2,Q2 2025,2025-04-01,4,April,Apr,2025-04,202504,2025-04-07,15,3,Wednesday,False,True
20250410,2025-04-10,10 Apr 2025,2025,2,Q2 2025,2025-04-01,4,April,Apr,2025-04,202504,2025-04-07,15,4,Thursday,False,True
20250411,2025-04-11,11 Apr 2025,2025,2,Q2 2025,2025-04-01,4,April,Apr,2025-04,202504,2025-04-07,15,5,Friday,False,True
20250412,2025-04-12,12 Apr 2025,2025,2,Q2 2025,2025-04-01,4,April,Apr,2025-04,202504,2025-04-07,15,6,Saturday,True,False
20250413,2025-04-13,13 Apr 2025,2025,2,Q2 2025,2025-04-01,4,April,Apr,2025-04,202504,2025-04-07,15,7,Sunday,True,False
20250414,2025-04-14,14 Apr 2025,2025,2,Q2 2025,2025-04-01,4,April,Apr,2025-04,202504,2025-04-14,16,1,Monday,False,True
20250415,2025-04-15,15 Apr 2025,2025,2,Q2 2025,2025-04-01,4,April,Apr,2025-04,202504,2025-04-14,16,2,Tuesday,False,True
20250416,2025-04-16,16 Apr 2025,2025,2,Q2 2025,2025-04-01,4,April,Apr,2025-04,202504,2025-04-14,16,3,Wednesday,False,True
20250417,2025-04-17,17 Apr 2025,2025,2,Q2 2025,2025-04-01,4,April,Apr,2025-04,202504,2025-04-14,16,4,Thursday,False,True
20250418,2025-04-18,18 Apr 2025,2025,2,Q2 2025,2025-04-01,4,April,Apr,2025-04,202504,2025-04-14,16,5,Friday,False,True
20250419,2025-04-19,19 Apr 2025,2025,2,Q2 2025,2025-04-01,4,April,Apr,2025-04,202504,2025-04-14,16,6,Saturday,True,False
20250420,2025-04-20,20 Apr 2025,2025,2,Q2 2025,2025-04-01,4,April,Apr,2025-04,202504,2025-04-14,16,7,Sunday,True,False
20250421,2025-04-21,21 Apr 2025,2025,2,Q2 2025,2025-04-01,4,April,Apr,2025-04,202504,2025-04-21,17,1,Monday,False,True
20250422,2025-04-22,22 Apr 2025,2025,2,Q2 2025,2025-04-01,4,April,Apr,2025-04,202504,2025-04-21,17,2,Tuesday,False,True
20250423,2025-04-23,23 Apr 2025,2025,2,Q2 2025,2025-04-01,4,April,Apr,2025-04,202504,2025-04-21,17,3,Wednesday,False,True
20250424,2025-04-24,24 Apr 2025,2025,2,Q2 2025,2025-04-01,4,April,Apr,2025-04,202504,2025-04-21,17,4,Thursday,False,True
20250425,2025-04-25,25 Apr 2025,2025,2,Q2 2025,2025-04-01,4,April,Apr,2025-04,202504,2025-04-21,17,5,Friday,False,True
20250426,2025-04-26,26 Apr 2025,2025,2,Q2 2025,2025-04-01,4,April,Apr,2025-04,202504,2025-04-21,17,6,Saturday,True,False
20250427,2025-04-27,27 Apr 2025,2025,2,Q2 2025,2025-04-01,4,April,Apr,2025-04,202504,2025-04-21,17,7,Sunday,True,False
20250428,2025-04-28,28 Apr 2025,2025,2,Q2 2025,2025-04-01,4,April,Apr,2025-04,202504,2025-04-28,18,1,Monday,False,True
20250429,2025-04-29,29 Apr 2025,2025,2,Q2 2025,2025-04-01,4,April,Apr,2025-04,202504,2025-04-28,18,2,Tuesday,False,True
20250430,2025-04-30,30 Apr 2025,2025,2,Q2 2025,2025-04-01,4,April,Apr,2025-04,202504,2025-04-28,18,3,Wednesday,False,True
20250501,2025-05-01,01 May 2025,2025,2,Q2 2025,2025-05-01,5,May,May,2025-05,202505,2025-04-28,18,4,Thursday,False,True
20250502,2025-05-02,02 May 2025,2025,2,Q2 2025,2025-05-01,5,May,May,2025-05,202505,2025-04-28,18,5,Friday,False,True
20250503,2025-05-03,03 May 2025,2025,2,Q2 2025,2025-05-01,5,May,May,2025-05,202505,2025-04-28,18,6,Saturday,True,False
20250504,2025-05-04,04 May 2025,2025,2,Q2 2025,2025-05-01,5,May,May,2025-05,202505,2025-04-28,18,7,Sunday,True,False
20250505,2025-05-05,05 May 2025,2025,2,Q2 2025,2025-05-01,5,May,May,2025-05,202505,2025-05-05,19,1,Monday,False,True
20250506,2025-05-06,06 May 2025,2025,2,Q2 2025,2025-05-01,5,May,May,2025-05,202505,2025-05-05,19,2,Tuesday,False,True
20250507,2025-05-07,07 May 2025,2025,2,Q2 2025,2025-05-01,5,May,May,2025-05,202505,2025-05-05,19,3,Wednesday,False,True
20250508,2025-05-08,08 May 2025,2025,2,Q2 2025,2025-05-01,5,May,May,2025-05,202505,2025-05-05,19,4,Thursday,False,True
20250509,2025-05-09,09 May 2025,2025,2,Q2 2025,2025-05-01,5,May,May,2025-05,202505,2025-05-05,19,5,Friday,False,True
20250510,2025-05-10,10 May 2025,2025,2,Q2 2025,2025-05-01,5,May,May,2025-05,202505,2025-05-05,19,6,Saturday,True,False
20250511,2025-05-11,11 May 2025,2025,2,Q2 2025,2025-05-01,5,May,May,2025-05,202505,2025-05-05,19,7,Sunday,True,False
20250512,2025-05-12,12 May 2025,2025,2,Q2 2025,2025-05-01,5,May,May,2025-05,202505,2025-05-12,20,1,Monday,False,True
20250513,2025-05-13,13 May 2025,2025,2,Q2 2025,2025-05-01,5,May,May,2025-05,202505,2025-05-12,20,2,Tuesday,False,True
20250514,2025-05-14,14 May 2025,2025,2,Q2 2025,2025-05-01,5,May,May,2025-05,202505,2025-05-12,20,3,Wednesday,False,True
20250515,2025-05-15,15 May 2025,2025,2,Q2 2025,2025-05-01,5,May,May,2025-05,202505,2025-05-12,20,4,Thursday,False,True
20250516,2025-05-16,16 May 2025,2025,2,Q2 2025,2025-05-01,5,May,May,2025-05,202505,2025-05-12,20,5,Friday,False,True
20250517,2025-05-17,17 May 2025,2025,2,Q2 2025,2025-05-01,5,May,May,2025-05,202505,2025-05-12,20,6,Saturday,True,False
20250518,2025-05-18,18 May 2025,2025,2,Q2 2025,2025-05-01,5,May,May,2025-05,202505,2025-05-12,20,7,Sunday,True,False
20250519,2025-05-19,19 May 2025,2025,2,Q2 2025,2025-05-01,5,May,May,2025-05,202505,2025-05-19,21,1,Monday,False,True
20250520,2025-05-20,20 May 2025,2025,2,Q2 2025,2025-05-01,5,May,May,2025-05,202505,2025-05-19,21,2,Tuesday,False,True
20250521,2025-05-21,21 May 2025,2025,2,Q2 2025,2025-05-01,5,May,May,2025-05,202505,2025-05-19,21,3,Wednesday,False,True
20250522,2025-05-22,22 May 2025,2025,2,Q2 2025,2025-05-01,5,May,May,2025-05,202505,2025-05-19,21,4,Thursday,False,True
20250523,2025-05-23,23 May 2025,2025,2,Q2 2025,2025-05-01,5,May,May,2025-05,202505,2025-05-19,21,5,Friday,False,True
20250524,2025-05-24,24 May 2025,2025,2,Q2 2025,2025-05-01,5,May,May,2025-05,202505,2025-05-19,21,6,Saturday,True,False
20250525,2025-05-25,25 May 2025,2025,2,Q2 2025,2025-05-01,5,May,May,2025-05,202505,2025-05-19,21,7,Sunday,True,False
20250526,2025-05-26,26 May 2025,2025,2,Q2 2025,2025-05-01,5,May,May,2025-05,202505,2025-05-26,22,1,Monday,False,True
20250527,2025-05-27,27 May 2025,2025,2,Q2 2025,2025-05-01,5,May,May,2025-05,202505,2025-05-26,22,2,Tuesday,False,True
20250528,2025-05-28,28 May 2025,2025,2,Q2 2025,2025-05-01,5,May,May,2025-05,202505,2025-05-26,22,3,Wednesday,False,True
20250529,2025-05-29,29 May 2025,2025,2,Q2 2025,2025-05-01,5,May,May,2025-05,202505,2025-05-26,22,4,Thursday,False,True
20250530,2025-05-30,30 May 2025,2025,2,Q2 2025,2025-05-01,5,May,May,2025-05,202505,2025-05-26,22,5,Friday,False,True
20250531,2025-05-31,31 May 2025,2025,2,Q2 2025,2025-05-01,5,May,May,2025-05,202505,2025-05-26,22,6,Saturday,True,False
20250601,2025-06-01,01 Jun 2025,2025,2,Q2 2025,2025-06-01,6,June,Jun,2025-06,202506,2025-05-26,22,7,Sunday,True,False
20250602,2025-06-02,02 Jun 2025,2025,2,Q2 2025,2025-06-01,6,June,Jun,2025-06,202506,2025-06-02,23,1,Monday,False,True
20250603,2025-06-03,03 Jun 2025,2025,2,Q2 2025,2025-06-01,6,June,Jun,2025-06,202506,2025-06-02,23,2,Tuesday,False,True
20250604,2025-06-04,04 Jun 2025,2025,2,Q2 2025,2025-06-01,6,June,Jun,2025-06,202506,2025-06-02,23,3,Wednesday,False,True
20250605,2025-06-05,05 Jun 2025,2025,2,Q2 2025,2025-06-01,6,June,Jun,2025-06,202506,2025-06-02,23,4,Thursday,False,True
20250606,2025-06-06,06 Jun 2025,2025,2,Q2 2025,2025-06-01,6,June,Jun,2025-06,202506,2025-06-02,23,5,Friday,False,True
20250607,2025-06-07,07 Jun 2025,2025,2,Q2 2025,2025-06-01,6,June,Jun,2025-06,202506,2025-06-02,23,6,Saturday,True,False
20250608,2025-06-08,08 Jun 2025,2025,2,Q2 2025,2025-06-01,6,June,Jun,2025-06,202506,2025-06-02,23,7,Sunday,True,False
20250609,2025-06-09,09 Jun 2025,2025,2,Q2 2025,2025-06-01,6,June,Jun,2025-06,202506,2025-06-09,24,1,Monday,False,True
20250610,2025-06-10,10 Jun 2025,2025,2,Q2 2025,2025-06-01,6,June,Jun,2025-06,202506,2025-06-09,24,2,Tuesday,False,True
20250611,2025-06-11,11 Jun 2025,2025,2,Q2 2025,2025-06-01,6,June,Jun,2025-06,202506,2025-06-09,24,3,Wednesday,False,True
20250612,2025-06-12,12 Jun 2025,2025,2,Q2 2025,2025-06-01,6,June,Jun,2025-06,202506,2025-06-09,24,4,Thursday,False,True
20250613,2025-06-13,13 Jun 2025,2025,2,Q2 2025,2025-06-01,6,June,Jun,2025-06,202506,2025-06-09,24,5,Friday,False,True
20250614,2025-06-14,14 Jun 2025,2025,2,Q2 2025,2025-06-01,6,June,Jun,2025-06,202506,2025-06-09,24,6,Saturday,True,False
20250615,2025-06-15,15 Jun 2025,2025,2,Q2 2025,2025-06-01,6,June,Jun,2025-06,202506,2025-06-09,24,7,Sunday,True,False
20250616,2025-06-16,16 Jun 2025,2025,2,Q2 2025,2025-06-01,6,June,Jun,2025-06,202506,2025-06-16,25,1,Monday,False,True
20250617,2025-06-17,17 Jun 2025,2025,2,Q2 2025,2025-06-01,6,June,Jun,2025-06,202506,2025-06-16,25,2,Tuesday,False,True
20250618,2025-06-18,18 Jun 2025,2025,2,Q2 2025,2025-06-01,6,June,Jun,2025-06,202506,2025-06-16,25,3,Wednesday,False,True
20250619,2025-06-19,19 Jun 2025,2025,2,Q2 2025,2025-06-01,6,June,Jun,2025-06,202506,2025-06-16,25,4,Thursday,False,True
20250620,2025-06-20,20 Jun 2025,2025,2,Q2 2025,2025-06-01,6,June,Jun,2025-06,202506,2025-06-16,25,5,Friday,False,True
20250621,2025-06-21,21 Jun 2025,2025,2,Q2 2025,2025-06-01,6,June,Jun,2025-06,202506,2025-06-16,25,6,Saturday,True,False
20250622,2025-06-22,22 Jun 2025,2025,2,Q2 2025,2025-06-01,6,June,Jun,2025-06,202506,2025-06-16,25,7,Sunday,True,False
20250623,2025-06-23,23 Jun 2025,2025,2,Q2 2025,2025-06-01,6,June,Jun,2025-06,202506,2025-06-23,26,1,Monday,False,True
20250624,2025-06-24,24 Jun 2025,2025,2,Q2 2025,2025-06-01,6,June,Jun,2025-06,202506,2025-06-23,26,2,Tuesday,False,True
20250625,2025-06-25,25 Jun 2025,2025,2,Q2 2025,2025-06-01,6,June,Jun,2025-06,202506,2025-06-23,26,3,Wednesday,False,True
20250626,2025-06-26,26 Jun 2025,2025,2,Q2 2025,2025-06-01,6,June,Jun,2025-06,202506,2025-06-23,26,4,Thursday,False,True
20250627,2025-06-27,27 Jun 2025,2025,2,Q2 2025,2025-06-01,6,June,Jun,2025-06,202506,2025-06-23,26,5,Friday,False,True
20250628,2025-06-28,28 Jun 2025,2025,2,Q2 2025,2025-06-01,6,June,Jun,2025-06,202506,2025-06-23,26,6,Saturday,True,False
20250629,2025-06-29,29 Jun 2025,2025,2,Q2 2025,2025-06-01,6,June,Jun,2025-06,202506,2025-06-23,26,7,Sunday,True,False
20250630,2025-06-30,30 Jun 2025,2025,2,Q2 2025,2025-06-01,6,June,Jun,2025-06,202506,2025-06-30,27,1,Monday,False,True
20250701,2025-07-01,01 Jul 2025,2025,3,Q3 2025,2025-07-01,7,July,Jul,2025-07,202507,2025-06-30,27,2,Tuesday,False,True
20250702,2025-07-02,02 Jul 2025,2025,3,Q3 2025,2025-07-01,7,July,Jul,2025-07,202507,2025-06-30,27,3,Wednesday,False,True
20250703,2025-07-03,03 Jul 2025,2025,3,Q3 2025,2025-07-01,7,July,Jul,2025-07,202507,2025-06-30,27,4,Thursday,False,True
20250704,2025-07-04,04 Jul 2025,2025,3,Q3 2025,2025-07-01,7,July,Jul,2025-07,202507,2025-06-30,27,5,Friday,False,True
20250705,2025-07-05,05 Jul 2025,2025,3,Q3 2025,2025-07-01,7,July,Jul,2025-07,202507,2025-06-30,27,6,Saturday,True,False
20250706,2025-07-06,06 Jul 2025,2025,3,Q3 2025,2025-07-01,7,July,Jul,2025-07,202507,2025-06-30,27,7,Sunday,True,False
20250707,2025-07-07,07 Jul 2025,2025,3,Q3 2025,2025-07-01,7,July,Jul,2025-07,202507,2025-07-07,28,1,Monday,False,True
20250708,2025-07-08,08 Jul 2025,2025,3,Q3 2025,2025-07-01,7,July,Jul,2025-07,202507,2025-07-07,28,2,Tuesday,False,True
20250709,2025-07-09,09 Jul 2025,2025,3,Q3 2025,2025-07-01,7,July,Jul,2025-07,202507,2025-07-07,28,3,Wednesday,False,True
20250710,2025-07-10,10 Jul 2025,2025,3,Q3 2025,2025-07-01,7,July,Jul,2025-07,202507,2025-07-07,28,4,Thursday,False,True
20250711,2025-07-11,11 Jul 2025,2025,3,Q3 2025,2025-07-01,7,July,Jul,2025-07,202507,2025-07-07,28,5,Friday,False,True
20250712,2025-07-12,12 Jul 2025,2025,3,Q3 2025,2025-07-01,7,July,Jul,2025-07,202507,2025-07-07,28,6,Saturday,True,False
20250713,2025-07-13,13 Jul 2025,2025,3,Q3 2025,2025-07-01,7,July,Jul,2025-07,202507,2025-07-07,28,7,Sunday,True,False
20250714,2025-07-14,14 Jul 2025,2025,3,Q3 2025,2025-07-01,7,July,Jul,2025-07,202507,2025-07-14,29,1,Monday,False,True
20250715,2025-07-15,15 Jul 2025,2025,3,Q3 2025,2025-07-01,7,July,Jul,2025-07,202507,2025-07-14,29,2,Tuesday,False,True
20250716,2025-07-16,16 Jul 2025,2025,3,Q3 2025,2025-07-01,7,July,Jul,2025-07,202507,2025-07-14,29,3,Wednesday,False,True
20250717,2025-07-17,17 Jul 2025,2025,3,Q3 2025,2025-07-01,7,July,Jul,2025-07,202507,2025-07-14,29,4,Thursday,False,True
20250718,2025-07-18,18 Jul 2025,2025,3,Q3 2025,2025-07-01,7,July,Jul,2025-07,202507,2025-07-14,29,5,Friday,False,True
20250719,2025-07-19,19 Jul 2025,2025,3,Q3 2025,2025-07-01,7,July,Jul,2025-07,202507,2025-07-14,29,6,Saturday,True,False
20250720,2025-07-20,20 Jul 2025,2025,3,Q3 2025,2025-07-01,7,July,Jul,2025-07,202507,2025-07-14,29,7,Sunday,True,False
20250721,2025-07-21,21 Jul 2025,2025,3,Q3 2025,2025-07-01,7,July,Jul,2025-07,202507,2025-07-21,30,1,Monday,False,True
20250722,2025-07-22,22 Jul 2025,2025,3,Q3 2025,2025-07-01,7,July,Jul,2025-07,202507,2025-07-21,30,2,Tuesday,False,True
20250723,2025-07-23,23 Jul 2025,2025,3,Q3 2025,2025-07-01,7,July,Jul,2025-07,202507,2025-07-21,30,3,Wednesday,False,True
20250724,2025-07-24,24 Jul 2025,2025,3,Q3 2025,2025-07-01,7,July,Jul,2025-07,202507,2025-07-21,30,4,Thursday,False,True
20250725,2025-07-25,25 Jul 2025,2025,3,Q3 2025,2025-07-01,7,July,Jul,2025-07,202507,2025-07-21,30,5,Friday,False,True
20250726,2025-07-26,26 Jul 2025,2025,3,Q3 2025,2025-07-01,7,July,Jul,2025-07,202507,2025-07-21,30,6,Saturday,True,False
20250727,2025-07-27,27 Jul 2025,2025,3,Q3 2025,2025-07-01,7,July,Jul,2025-07,202507,2025-07-21,30,7,Sunday,True,False
20250728,2025-07-28,28 Jul 2025,2025,3,Q3 2025,2025-07-01,7,July,Jul,2025-07,202507,2025-07-28,31,1,Monday,False,True
20250729,2025-07-29,29 Jul 2025,2025,3,Q3 2025,2025-07-01,7,July,Jul,2025-07,202507,2025-07-28,31,2,Tuesday,False,True
20250730,2025-07-30,30 Jul 2025,2025,3,Q3 2025,2025-07-01,7,July,Jul,2025-07,202507,2025-07-28,31,3,Wednesday,False,True
20250731,2025-07-31,31 Jul 2025,2025,3,Q3 2025,2025-07-01,7,July,Jul,2025-07,202507,2025-07-28,31,4,Thursday,False,True
20250801,2025-08-01,01 Aug 2025,2025,3,Q3 2025,2025-08-01,8,August,Aug,2025-08,202508,2025-07-28,31,5,Friday,False,True
20250802,2025-08-02,02 Aug 2025,2025,3,Q3 2025,2025-08-01,8,August,Aug,2025-08,202508,2025-07-28,31,6,Saturday,True,False
20250803,2025-08-03,03 Aug 2025,2025,3,Q3 2025,2025-08-01,8,August,Aug,2025-08,202508,2025-07-28,31,7,Sunday,True,False
20250804,2025-08-04,04 Aug 2025,2025,3,Q3 2025,2025-08-01,8,August,Aug,2025-08,202508,2025-08-04,32,1,Monday,False,True
20250805,2025-08-05,05 Aug 2025,2025,3,Q3 2025,2025-08-01,8,August,Aug,2025-08,202508,2025-08-04,32,2,Tuesday,False,True
20250806,2025-08-06,06 Aug 2025,2025,3,Q3 2025,2025-08-01,8,August,Aug,2025-08,202508,2025-08-04,32,3,Wednesday,False,True
20250807,2025-08-07,07 Aug 2025,2025,3,Q3 2025,2025-08-01,8,August,Aug,2025-08,202508,2025-08-04,32,4,Thursday,False,True
20250808,2025-08-08,08 Aug 2025,2025,3,Q3 2025,2025-08-01,8,August,Aug,2025-08,202508,2025-08-04,32,5,Friday,False,True
20250809,2025-08-09,09 Aug 2025,2025,3,Q3 2025,2025-08-01,8,August,Aug,2025-08,202508,2025-08-04,32,6,Saturday,True,False
20250810,2025-08-10,10 Aug 2025,2025,3,Q3 2025,2025-08-01,8,August,Aug,2025-08,202508,2025-08-04,32,7,Sunday,True,False
20250811,2025-08-11,11 Aug 2025,2025,3,Q3 2025,2025-08-01,8,August,Aug,2025-08,202508,2025-08-11,33,1,Monday,False,True
20250812,2025-08-12,12 Aug 2025,2025,3,Q3 2025,2025-08-01,8,August,Aug,2025-08,202508,2025-08-11,33,2,Tuesday,False,True
20250813,2025-08-13,13 Aug 2025,2025,3,Q3 2025,2025-08-01,8,August,Aug,2025-08,202508,2025-08-11,33,3,Wednesday,False,True
20250814,2025-08-14,14 Aug 2025,2025,3,Q3 2025,2025-08-01,8,August,Aug,2025-08,202508,2025-08-11,33,4,Thursday,False,True
20250815,2025-08-15,15 Aug 2025,2025,3,Q3 2025,2025-08-01,8,August,Aug,2025-08,202508,2025-08-11,33,5,Friday,False,True
20250816,2025-08-16,16 Aug 2025,2025,3,Q3 2025,2025-08-01,8,August,Aug,2025-08,202508,2025-08-11,33,6,Saturday,True,False
20250817,2025-08-17,17 Aug 2025,2025,3,Q3 2025,2025-08-01,8,August,Aug,2025-08,202508,2025-08-11,33,7,Sunday,True,False
20250818,2025-08-18,18 Aug 2025,2025,3,Q3 2025,2025-08-01,8,August,Aug,2025-08,202508,2025-08-18,34,1,Monday,False,True
20250819,2025-08-19,19 Aug 2025,2025,3,Q3 2025,2025-08-01,8,August,Aug,2025-08,202508,2025-08-18,34,2,Tuesday,False,True
20250820,2025-08-20,20 Aug 2025,2025,3,Q3 2025,2025-08-01,8,August,Aug,2025-08,202508,2025-08-18,34,3,Wednesday,False,True
20250821,2025-08-21,21 Aug 2025,2025,3,Q3 2025,2025-08-01,8,August,Aug,2025-08,202508,2025-08-18,34,4,Thursday,False,True
20250822,2025-08-22,22 Aug 2025,2025,3,Q3 2025,2025-08-01,8,August,Aug,2025-08,202508,2025-08-18,34,5,Friday,False,True
20250823,2025-08-23,23 Aug 2025,2025,3,Q3 2025,2025-08-01,8,August,Aug,2025-08,202508,2025-08-18,34,6,Saturday,True,False
20250824,2025-08-24,24 Aug 2025,2025,3,Q3 2025,2025-08-01,8,August,Aug,2025-08,202508,2025-08-18,34,7,Sunday,True,False
20250825,2025-08-25,25 Aug 2025,2025,3,Q3 2025,2025-08-01,8,August,Aug,2025-08,202508,2025-08-25,35,1,Monday,False,True
20250826,2025-08-26,26 Aug 2025,2025,3,Q3 2025,2025-08-01,8,August,Aug,2025-08,202508,2025-08-25,35,2,Tuesday,False,True
20250827,2025-08-27,27 Aug 2025,2025,3,Q3 2025,2025-08-01,8,August,Aug,2025-08,202508,2025-08-25,35,3,Wednesday,False,True
20250828,2025-08-28,28 Aug 2025,2025,3,Q3 2025,2025-08-01,8,August,Aug,2025-08,202508,2025-08-25,35,4,Thursday,False,True
20250829,2025-08-29,29 Aug 2025,2025,3,Q3 2025,2025-08-01,8,August,Aug,2025-08,202508,2025-08-25,35,5,Friday,False,True
20250830,2025-08-30,30 Aug 2025,2025,3,Q3 2025,2025-08-01,8,August,Aug,2025-08,202508,2025-08-25,35,6,Saturday,True,False
20250831,2025-08-31,31 Aug 2025,2025,3,Q3 2025,2025-08-01,8,August,Aug,2025-08,202508,2025-08-25,35,7,Sunday,True,False
20250901,2025-09-01,01 Sep 2025,2025,3,Q3 2025,2025-09-01,9,September,Sep,2025-09,202509,2025-09-01,36,1,Monday,False,True
20250902,2025-09-02,02 Sep 2025,2025,3,Q3 2025,2025-09-01,9,September,Sep,2025-09,202509,2025-09-01,36,2,Tuesday,False,True
20250903,2025-09-03,03 Sep 2025,2025,3,Q3 2025,2025-09-01,9,September,Sep,2025-09,202509,2025-09-01,36,3,Wednesday,False,True
20250904,2025-09-04,04 Sep 2025,2025,3,Q3 2025,2025-09-01,9,September,Sep,2025-09,202509,2025-09-01,36,4,Thursday,False,True
20250905,2025-09-05,05 Sep 2025,2025,3,Q3 2025,2025-09-01,9,September,Sep,2025-09,202509,2025-09-01,36,5,Friday,False,True
20250906,2025-09-06,06 Sep 2025,2025,3,Q3 2025,2025-09-01,9,September,Sep,2025-09,202509,2025-09-01,36,6,Saturday,True,False
20250907,2025-09-07,07 Sep 2025,2025,3,Q3 2025,2025-09-01,9,September,Sep,2025-09,202509,2025-09-01,36,7,Sunday,True,False
20250908,2025-09-08,08 Sep 2025,2025,3,Q3 2025,2025-09-01,9,September,Sep,2025-09,202509,2025-09-08,37,1,Monday,False,True
20250909,2025-09-09,09 Sep 2025,2025,3,Q3 2025,2025-09-01,9,September,Sep,2025-09,202509,2025-09-08,37,2,Tuesday,False,True
20250910,2025-09-10,10 Sep 2025,2025,3,Q3 2025,2025-09-01,9,September,Sep,2025-09,202509,2025-09-08,37,3,Wednesday,False,True
20250911,2025-09-11,11 Sep 2025,2025,3,Q3 2025,2025-09-01,9,September,Sep,2025-09,202509,2025-09-08,37,4,Thursday,False,True
20250912,2025-09-12,12 Sep 2025,2025,3,Q3 2025,2025-09-01,9,September,Sep,2025-09,202509,2025-09-08,37,5,Friday,False,True
20250913,2025-09-13,13 Sep 2025,2025,3,Q3 2025,2025-09-01,9,September,Sep,2025-09,202509,2025-09-08,37,6,Saturday,True,False
20250914,2025-09-14,14 Sep 2025,2025,3,Q3 2025,2025-09-01,9,September,Sep,2025-09,202509,2025-09-08,37,7,Sunday,True,False
20250915,2025-09-15,15 Sep 2025,2025,3,Q3 2025,2025-09-01,9,September,Sep,2025-09,202509,2025-09-15,38,1,Monday,False,True
20250916,2025-09-16,16 Sep 2025,2025,3,Q3 2025,2025-09-01,9,September,Sep,2025-09,202509,2025-09-15,38,2,Tuesday,False,True
20250917,2025-09-17,17 Sep 2025,2025,3,Q3 2025,2025-09-01,9,September,Sep,2025-09,202509,2025-09-15,38,3,Wednesday,False,True
20250918,2025-09-18,18 Sep 2025,2025,3,Q3 2025,2025-09-01,9,September,Sep,2025-09,202509,2025-09-15,38,4,Thursday,False,True
20250919,2025-09-19,19 Sep 2025,2025,3,Q3 2025,2025-09-01,9,September,Sep,2025-09,202509,2025-09-15,38,5,Friday,False,True
20250920,2025-09-20,20 Sep 2025,2025,3,Q3 2025,2025-09-01,9,September,Sep,2025-09,202509,2025-09-15,38,6,Saturday,True,False
20250921,2025-09-21,21 Sep 2025,2025,3,Q3 2025,2025-09-01,9,September,Sep,2025-09,202509,2025-09-15,38,7,Sunday,True,False
20250922,2025-09-22,22 Sep 2025,2025,3,Q3 2025,2025-09-01,9,September,Sep,2025-09,202509,2025-09-22,39,1,Monday,False,True
20250923,2025-09-23,23 Sep 2025,2025,3,Q3 2025,2025-09-01,9,September,Sep,2025-09,202509,2025-09-22,39,2,Tuesday,False,True
20250924,2025-09-24,24 Sep 2025,2025,3,Q3 2025,2025-09-01,9,September,Sep,2025-09,202509,2025-09-22,39,3,Wednesday,False,True
20250925,2025-09-25,25 Sep 2025,2025,3,Q3 2025,2025-09-01,9,September,Sep,2025-09,202509,2025-09-22,39,4,Thursday,False,True
20250926,2025-09-26,26 Sep 2025,2025,3,Q3 2025,2025-09-01,9,September,Sep,2025-09,202509,2025-09-22,39,5,Friday,False,True
20250927,2025-09-27,27 Sep 2025,2025,3,Q3 2025,2025-09-01,9,September,Sep,2025-09,202509,2025-09-22,39,6,Saturday,True,False
20250928,2025-09-28,28 Sep 2025,2025,3,Q3 2025,2025-09-01,9,September,Sep,2025-09,202509,2025-09-22,39,7,Sunday,True,False
20250929,2025-09-29,29 Sep 2025,2025,3,Q3 2025,2025-09-01,9,September,Sep,2025-09,202509,2025-09-29,40,1,Monday,False,True
20250930,2025-09-30,30 Sep 2025,2025,3,Q3 2025,2025-09-01,9,September,Sep,2025-09,202509,2025-09-29,40,2,Tuesday,False,True
20251001,2025-10-01,01 Oct 2025,2025,4,Q4 2025,2025-10-01,10,October,Oct,2025-10,202510,2025-09-29,40,3,Wednesday,False,True
20251002,2025-10-02,02 Oct 2025,2025,4,Q4 2025,2025-10-01,10,October,Oct,2025-10,202510,2025-09-29,40,4,Thursday,False,True
20251003,2025-10-03,03 Oct 2025,2025,4,Q4 2025,2025-10-01,10,October,Oct,2025-10,202510,2025-09-29,40,5,Friday,False,True
20251004,2025-10-04,04 Oct 2025,2025,4,Q4 2025,2025-10-01,10,October,Oct,2025-10,202510,2025-09-29,40,6,Saturday,True,False
20251005,2025-10-05,05 Oct 2025,2025,4,Q4 2025,2025-10-01,10,October,Oct,2025-10,202510,2025-09-29,40,7,Sunday,True,False
20251006,2025-10-06,06 Oct 2025,2025,4,Q4 2025,2025-10-01,10,October,Oct,2025-10,202510,2025-10-06,41,1,Monday,False,True
20251007,2025-10-07,07 Oct 2025,2025,4,Q4 2025,2025-10-01,10,October,Oct,2025-10,202510,2025-10-06,41,2,Tuesday,False,True
20251008,2025-10-08,08 Oct 2025,2025,4,Q4 2025,2025-10-01,10,October,Oct,2025-10,202510,2025-10-06,41,3,Wednesday,False,True
20251009,2025-10-09,09 Oct 2025,2025,4,Q4 2025,2025-10-01,10,October,Oct,2025-10,202510,2025-10-06,41,4,Thursday,False,True
20251010,2025-10-10,10 Oct 2025,2025,4,Q4 2025,2025-10-01,10,October,Oct,2025-10,202510,2025-10-06,41,5,Friday,False,True
20251011,2025-10-11,11 Oct 2025,2025,4,Q4 2025,2025-10-01,10,October,Oct,2025-10,202510,2025-10-06,41,6,Saturday,True,False
20251012,2025-10-12,12 Oct 2025,2025,4,Q4 2025,2025-10-01,10,October,Oct,2025-10,202510,2025-10-06,41,7,Sunday,True,False
20251013,2025-10-13,13 Oct 2025,2025,4,Q4 2025,2025-10-01,10,October,Oct,2025-10,202510,2025-10-13,42,1,Monday,False,True
20251014,2025-10-14,14 Oct 2025,2025,4,Q4 2025,2025-10-01,10,October,Oct,2025-10,202510,2025-10-13,42,2,Tuesday,False,True
20251015,2025-10-15,15 Oct 2025,2025,4,Q4 2025,2025-10-01,10,October,Oct,2025-10,202510,2025-10-13,42,3,Wednesday,False,True
20251016,2025-10-16,16 Oct 2025,2025,4,Q4 2025,2025-10-01,10,October,Oct,2025-10,202510,2025-10-13,42,4,Thursday,False,True
20251017,2025-10-17,17 Oct 2025,2025,4,Q4 2025,2025-10-01,10,October,Oct,2025-10,202510,2025-10-13,42,5,Friday,False,True
20251018,2025-10-18,18 Oct 2025,2025,4,Q4 2025,2025-10-01,10,October,Oct,2025-10,202510,2025-10-13,42,6,Saturday,True,False
20251019,2025-10-19,19 Oct 2025,2025,4,Q4 2025,2025-10-01,10,October,Oct,2025-10,202510,2025-10-13,42,7,Sunday,True,False
20251020,2025-10-20,20 Oct 2025,2025,4,Q4 2025,2025-10-01,10,October,Oct,2025-10,202510,2025-10-20,43,1,Monday,False,True
20251021,2025-10-21,21 Oct 2025,2025,4,Q4 2025,2025-10-01,10,October,Oct,2025-10,202510,2025-10-20,43,2,Tuesday,False,True
20251022,2025-10-22,22 Oct 2025,2025,4,Q4 2025,2025-10-01,10,October,Oct,2025-10,202510,2025-10-20,43,3,Wednesday,False,True
20251023,2025-10-23,23 Oct 2025,2025,4,Q4 2025,2025-10-01,10,October,Oct,2025-10,202510,2025-10-20,43,4,Thursday,False,True
20251024,2025-10-24,24 Oct 2025,2025,4,Q4 2025,2025-10-01,10,October,Oct,2025-10,202510,2025-10-20,43,5,Friday,False,True
20251025,2025-10-25,25 Oct 2025,2025,4,Q4 2025,2025-10-01,10,October,Oct,2025-10,202510,2025-10-20,43,6,Saturday,True,False
20251026,2025-10-26,26 Oct 2025,2025,4,Q4 2025,2025-10-01,10,October,Oct,2025-10,202510,2025-10-20,43,7,Sunday,True,False
20251027,2025-10-27,27 Oct 2025,2025,4,Q4 2025,2025-10-01,10,October,Oct,2025-10,202510,2025-10-27,44,1,Monday,False,True
20251028,2025-10-28,28 Oct 2025,2025,4,Q4 2025,2025-10-01,10,October,Oct,2025-10,202510,2025-10-27,44,2,Tuesday,False,True
20251029,2025-10-29,29 Oct 2025,2025,4,Q4 2025,2025-10-01,10,October,Oct,2025-10,202510,2025-10-27,44,3,Wednesday,False,True
20251030,2025-10-30,30 Oct 2025,2025,4,Q4 2025,2025-10-01,10,October,Oct,2025-10,202510,2025-10-27,44,4,Thursday,False,True
20251031,2025-10-31,31 Oct 2025,2025,4,Q4 2025,2025-10-01,10,October,Oct,2025-10,202510,2025-10-27,44,5,Friday,False,True
20251101,2025-11-01,01 Nov 2025,2025,4,Q4 2025,2025-11-01,11,November,Nov,2025-11,202511,2025-10-27,44,6,Saturday,True,False
20251102,2025-11-02,02 Nov 2025,2025,4,Q4 2025,2025-11-01,11,November,Nov,2025-11,202511,2025-10-27,44,7,Sunday,True,False
20251103,2025-11-03,03 Nov 2025,2025,4,Q4 2025,2025-11-01,11,November,Nov,2025-11,202511,2025-11-03,45,1,Monday,False,True
20251104,2025-11-04,04 Nov 2025,2025,4,Q4 2025,2025-11-01,11,November,Nov,2025-11,202511,2025-11-03,45,2,Tuesday,False,True
20251105,2025-11-05,05 Nov 2025,2025,4,Q4 2025,2025-11-01,11,November,Nov,2025-11,202511,2025-11-03,45,3,Wednesday,False,True
20251106,2025-11-06,06 Nov 2025,2025,4,Q4 2025,2025-11-01,11,November,Nov,2025-11,202511,2025-11-03,45,4,Thursday,False,True
20251107,2025-11-07,07 Nov 2025,2025,4,Q4 2025,2025-11-01,11,November,Nov,2025-11,202511,2025-11-03,45,5,Friday,False,True
20251108,2025-11-08,08 Nov 2025,2025,4,Q4 2025,2025-11-01,11,November,Nov,2025-11,202511,2025-11-03,45,6,Saturday,True,False
20251109,2025-11-09,09 Nov 2025,2025,4,Q4 2025,2025-11-01,11,November,Nov,2025-11,202511,2025-11-03,45,7,Sunday,True,False
20251110,2025-11-10,10 Nov 2025,2025,4,Q4 2025,2025-11-01,11,November,Nov,2025-11,202511,2025-11-10,46,1,Monday,False,True
20251111,2025-11-11,11 Nov 2025,2025,4,Q4 2025,2025-11-01,11,November,Nov,2025-11,202511,2025-11-10,46,2,Tuesday,False,True
20251112,2025-11-12,12 Nov 2025,2025,4,Q4 2025,2025-11-01,11,November,Nov,2025-11,202511,2025-11-10,46,3,Wednesday,False,True
20251113,2025-11-13,13 Nov 2025,2025,4,Q4 2025,2025-11-01,11,November,Nov,2025-11,202511,2025-11-10,46,4,Thursday,False,True
20251114,2025-11-14,14 Nov 2025,2025,4,Q4 2025,2025-11-01,11,November,Nov,2025-11,202511,2025-11-10,46,5,Friday,False,True
20251115,2025-11-15,15 Nov 2025,2025,4,Q4 2025,2025-11-01,11,November,Nov,2025-11,202511,2025-11-10,46,6,Saturday,True,False
20251116,2025-11-16,16 Nov 2025,2025,4,Q4 2025,2025-11-01,11,November,Nov,2025-11,202511,2025-11-10,46,7,Sunday,True,False
20251117,2025-11-17,17 Nov 2025,2025,4,Q4 2025,2025-11-01,11,November,Nov,2025-11,202511,2025-11-17,47,1,Monday,False,True
20251118,2025-11-18,18 Nov 2025,2025,4,Q4 2025,2025-11-01,11,November,Nov,2025-11,202511,2025-11-17,47,2,Tuesday,False,True
20251119,2025-11-19,19 Nov 2025,2025,4,Q4 2025,2025-11-01,11,November,Nov,2025-11,202511,2025-11-17,47,3,Wednesday,False,True
20251120,2025-11-20,20 Nov 2025,2025,4,Q4 2025,2025-11-01,11,November,Nov,2025-11,202511,2025-11-17,47,4,Thursday,False,True
20251121,2025-11-21,21 Nov 2025,2025,4,Q4 2025,2025-11-01,11,November,Nov,2025-11,202511,2025-11-17,47,5,Friday,False,True
20251122,2025-11-22,22 Nov 2025,2025,4,Q4 2025,2025-11-01,11,November,Nov,2025-11,202511,2025-11-17,47,6,Saturday,True,False
20251123,2025-11-23,23 Nov 2025,2025,4,Q4 2025,2025-11-01,11,November,Nov,2025-11,202511,2025-11-17,47,7,Sunday,True,False
20251124,2025-11-24,24 Nov 2025,2025,4,Q4 2025,2025-11-01,11,November,Nov,2025-11,202511,2025-11-24,48,1,Monday,False,True
20251125,2025-11-25,25 Nov 2025,2025,4,Q4 2025,2025-11-01,11,November,Nov,2025-11,202511,2025-11-24,48,2,Tuesday,False,True
20251126,2025-11-26,26 Nov 2025,2025,4,Q4 2025,2025-11-01,11,November,Nov,2025-11,202511,2025-11-24,48,3,Wednesday,False,True
20251127,2025-11-27,27 Nov 2025,2025,4,Q4 2025,2025-11-01,11,November,Nov,2025-11,202511,2025-11-24,48,4,Thursday,False,True
20251128,2025-11-28,28 Nov 2025,2025,4,Q4 2025,2025-11-01,11,November,Nov,2025-11,202511,2025-11-24,48,5,Friday,False,True
20251129,2025-11-29,29 Nov 2025,2025,4,Q4 2025,2025-11-01,11,November,Nov,2025-11,202511,2025-11-24,48,6,Saturday,True,False
20251130,2025-11-30,30 Nov 2025,2025,4,Q4 2025,2025-11-01,11,November,Nov,2025-11,202511,2025-11-24,48,7,Sunday,True,False
20251201,2025-12-01,01 Dec 2025,2025,4,Q4 2025,2025-12-01,12,December,Dec,2025-12,202512,2025-12-01,49,1,Monday,False,True
20251202,2025-12-02,02 Dec 2025,2025,4,Q4 2025,2025-12-01,12,December,Dec,2025-12,202512,2025-12-01,49,2,Tuesday,False,True
20251203,2025-12-03,03 Dec 2025,2025,4,Q4 2025,2025-12-01,12,December,Dec,2025-12,202512,2025-12-01,49,3,Wednesday,False,True
20251204,2025-12-04,04 Dec 2025,2025,4,Q4 2025,2025-12-01,12,December,Dec,2025-12,202512,2025-12-01,49,4,Thursday,False,True
20251205,2025-12-05,05 Dec 2025,2025,4,Q4 2025,2025-12-01,12,December,Dec,2025-12,202512,2025-12-01,49,5,Friday,False,True
20251206,2025-12-06,06 Dec 2025,2025,4,Q4 2025,2025-12-01,12,December,Dec,2025-12,202512,2025-12-01,49,6,Saturday,True,False
20251207,2025-12-07,07 Dec 2025,2025,4,Q4 2025,2025-12-01,12,December,Dec,2025-12,202512,2025-12-01,49,7,Sunday,True,False
20251208,2025-12-08,08 Dec 2025,2025,4,Q4 2025,2025-12-01,12,December,Dec,2025-12,202512,2025-12-08,50,1,Monday,False,True
20251209,2025-12-09,09 Dec 2025,2025,4,Q4 2025,2025-12-01,12,December,Dec,2025-12,202512,2025-12-08,50,2,Tuesday,False,True
20251210,2025-12-10,10 Dec 2025,2025,4,Q4 2025,2025-12-01,12,December,Dec,2025-12,202512,2025-12-08,50,3,Wednesday,False,True
20251211,2025-12-11,11 Dec 2025,2025,4,Q4 2025,2025-12-01,12,December,Dec,2025-12,202512,2025-12-08,50,4,Thursday,False,True
20251212,2025-12-12,12 Dec 2025,2025,4,Q4 2025,2025-12-01,12,December,Dec,2025-12,202512,2025-12-08,50,5,Friday,False,True
20251213,2025-12-13,13 Dec 2025,2025,4,Q4 2025,2025-12-01,12,December,Dec,2025-12,202512,2025-12-08,50,6,Saturday,True,False
20251214,2025-12-14,14 Dec 2025,2025,4,Q4 2025,2025-12-01,12,December,Dec,2025-12,202512,2025-12-08,50,7,Sunday,True,False
20251215,2025-12-15,15 Dec 2025,2025,4,Q4 2025,2025-12-01,12,December,Dec,2025-12,202512,2025-12-15,51,1,Monday,False,True
20251216,2025-12-16,16 Dec 2025,2025,4,Q4 2025,2025-12-01,12,December,Dec,2025-12,202512,2025-12-15,51,2,Tuesday,False,True
20251217,2025-12-17,17 Dec 2025,2025,4,Q4 2025,2025-12-01,12,December,Dec,2025-12,202512,2025-12-15,51,3,Wednesday,False,True
20251218,2025-12-18,18 Dec 2025,2025,4,Q4 2025,2025-12-01,12,December,Dec,2025-12,202512,2025-12-15,51,4,Thursday,False,True
20251219,2025-12-19,19 Dec 2025,2025,4,Q4 2025,2025-12-01,12,December,Dec,2025-12,202512,2025-12-15,51,5,Friday,False,True
20251220,2025-12-20,20 Dec 2025,2025,4,Q4 2025,2025-12-01,12,December,Dec,2025-12,202512,2025-12-15,51,6,Saturday,True,False
20251221,2025-12-21,21 Dec 2025,2025,4,Q4 2025,2025-12-01,12,December,Dec,2025-12,202512,2025-12-15,51,7,Sunday,True,False
20251222,2025-12-22,22 Dec 2025,2025,4,Q4 2025,2025-12-01,12,December,Dec,2025-12,202512,2025-12-22,52,1,Monday,False,True
20251223,2025-12-23,23 Dec 2025,2025,4,Q4 2025,2025-12-01,12,December,Dec,2025-12,202512,2025-12-22,52,2,Tuesday,False,True
20251224,2025-12-24,24 Dec 2025,2025,4,Q4 2025,2025-12-01,12,December,Dec,2025-12,202512,2025-12-22,52,3,Wednesday,False,True
20251225,2025-12-25,25 Dec 2025,2025,4,Q4 2025,2025-12-01,12,December,Dec,2025-12,202512,2025-12-22,52,4,Thursday,False,True
20251226,2025-12-26,26 Dec 2025,2025,4,Q4 2025,2025-12-01,12,December,Dec,2025-12,202512,2025-12-22,52,5,Friday,False,True
20251227,2025-12-27,27 Dec 2025,2025,4,Q4 2025,2025-12-01,12,December,Dec,2025-12,202512,2025-12-22,52,6,Saturday,True,False
20251228,2025-12-28,28 Dec 2025,2025,4,Q4 2025,2025-12-01,12,December,Dec,2025-12,202512,2025-12-22,52,7,Sunday,True,False
20251229,2025-12-29,29 Dec 2025,2025,4,Q4 2025,2025-12-01,12,December,Dec,2025-12,202512,2025-12-29,1,1,Monday,False,True
20251230,2025-12-30,30 Dec 2025,2025,4,Q4 2025,2025-12-01,12,December,Dec,2025-12,202512,2025-12-29,1,2,Tuesday,False,True
20251231,2025-12-31,31 Dec 2025,2025,4,Q4 2025,2025-12-01,12,December,Dec,2025-12,202512,2025-12-29,1,3,Wednesday,False,True
20260101,2026-01-01,01 Jan 2026,2026,1,Q1 2026,2026-01-01,1,January,Jan,2026-01,202601,2025-12-29,1,4,Thursday,False,True
20260102,2026-01-02,02 Jan 2026,2026,1,Q1 2026,2026-01-01,1,January,Jan,2026-01,202601,2025-12-29,1,5,Friday,False,True
20260103,2026-01-03,03 Jan 2026,2026,1,Q1 2026,2026-01-01,1,January,Jan,2026-01,202601,2025-12-29,1,6,Saturday,True,False
20260104,2026-01-04,04 Jan 2026,2026,1,Q1 2026,2026-01-01,1,January,Jan,2026-01,202601,2025-12-29,1,7,Sunday,True,False
20260105,2026-01-05,05 Jan 2026,2026,1,Q1 2026,2026-01-01,1,January,Jan,2026-01,202601,2026-01-05,2,1,Monday,False,True
20260106,2026-01-06,06 Jan 2026,2026,1,Q1 2026,2026-01-01,1,January,Jan,2026-01,202601,2026-01-05,2,2,Tuesday,False,True
20260107,2026-01-07,07 Jan 2026,2026,1,Q1 2026,2026-01-01,1,January,Jan,2026-01,202601,2026-01-05,2,3,Wednesday,False,True
20260108,2026-01-08,08 Jan 2026,2026,1,Q1 2026,2026-01-01,1,January,Jan,2026-01,202601,2026-01-05,2,4,Thursday,False,True
20260109,2026-01-09,09 Jan 2026,2026,1,Q1 2026,2026-01-01,1,January,Jan,2026-01,202601,2026-01-05,2,5,Friday,False,True
20260110,2026-01-10,10 Jan 2026,2026,1,Q1 2026,2026-01-01,1,January,Jan,2026-01,202601,2026-01-05,2,6,Saturday,True,False
20260111,2026-01-11,11 Jan 2026,2026,1,Q1 2026,2026-01-01,1,January,Jan,2026-01,202601,2026-01-05,2,7,Sunday,True,False
20260112,2026-01-12,12 Jan 2026,2026,1,Q1 2026,2026-01-01,1,January,Jan,2026-01,202601,2026-01-12,3,1,Monday,False,True
20260113,2026-01-13,13 Jan 2026,2026,1,Q1 2026,2026-01-01,1,January,Jan,2026-01,202601,2026-01-12,3,2,Tuesday,False,True
20260114,2026-01-14,14 Jan 2026,2026,1,Q1 2026,2026-01-01,1,January,Jan,2026-01,202601,2026-01-12,3,3,Wednesday,False,True
20260115,2026-01-15,15 Jan 2026,2026,1,Q1 2026,2026-01-01,1,January,Jan,2026-01,202601,2026-01-12,3,4,Thursday,False,True
20260116,2026-01-16,16 Jan 2026,2026,1,Q1 2026,2026-01-01,1,January,Jan,2026-01,202601,2026-01-12,3,5,Friday,False,True
20260117,2026-01-17,17 Jan 2026,2026,1,Q1 2026,2026-01-01,1,January,Jan,2026-01,202601,2026-01-12,3,6,Saturday,True,False
20260118,2026-01-18,18 Jan 2026,2026,1,Q1 2026,2026-01-01,1,January,Jan,2026-01,202601,2026-01-12,3,7,Sunday,True,False
20260119,2026-01-19,19 Jan 2026,2026,1,Q1 2026,2026-01-01,1,January,Jan,2026-01,202601,2026-01-19,4,1,Monday,False,True
20260120,2026-01-20,20 Jan 2026,2026,1,Q1 2026,2026-01-01,1,January,Jan,2026-01,202601,2026-01-19,4,2,Tuesday,False,True
20260121,2026-01-21,21 Jan 2026,2026,1,Q1 2026,2026-01-01,1,January,Jan,2026-01,202601,2026-01-19,4,3,Wednesday,False,True
20260122,2026-01-22,22 Jan 2026,2026,1,Q1 2026,2026-01-01,1,January,Jan,2026-01,202601,2026-01-19,4,4,Thursday,False,True
20260123,2026-01-23,23 Jan 2026,2026,1,Q1 2026,2026-01-01,1,January,Jan,2026-01,202601,2026-01-19,4,5,Friday,False,True
20260124,2026-01-24,24 Jan 2026,2026,1,Q1 2026,2026-01-01,1,January,Jan,2026-01,202601,2026-01-19,4,6,Saturday,True,False
20260125,2026-01-25,25 Jan 2026,2026,1,Q1 2026,2026-01-01,1,January,Jan,2026-01,202601,2026-01-19,4,7,Sunday,True,False
20260126,2026-01-26,26 Jan 2026,2026,1,Q1 2026,2026-01-01,1,January,Jan,2026-01,202601,2026-01-26,5,1,Monday,False,True
20260127,2026-01-27,27 Jan 2026,2026,1,Q1 2026,2026-01-01,1,January,Jan,2026-01,202601,2026-01-26,5,2,Tuesday,False,True
20260128,2026-01-28,28 Jan 2026,2026,1,Q1 2026,2026-01-01,1,January,Jan,2026-01,202601,2026-01-26,5,3,Wednesday,False,True
20260129,2026-01-29,29 Jan 2026,2026,1,Q1 2026,2026-01-01,1,January,Jan,2026-01,202601,2026-01-26,5,4,Thursday,False,True
20260130,2026-01-30,30 Jan 2026,2026,1,Q1 2026,2026-01-01,1,January,Jan,2026-01,202601,2026-01-26,5,5,Friday,False,True
20260131,2026-01-31,31 Jan 2026,2026,1,Q1 2026,2026-01-01,1,January,Jan,2026-01,202601,2026-01-26,5,6,Saturday,True,False
20260201,2026-02-01,01 Feb 2026,2026,1,Q1 2026,2026-02-01,2,February,Feb,2026-02,202602,2026-01-26,5,7,Sunday,True,False
20260202,2026-02-02,02 Feb 2026,2026,1,Q1 2026,2026-02-01,2,February,Feb,2026-02,202602,2026-02-02,6,1,Monday,False,True
20260203,2026-02-03,03 Feb 2026,2026,1,Q1 2026,2026-02-01,2,February,Feb,2026-02,202602,2026-02-02,6,2,Tuesday,False,True
20260204,2026-02-04,04 Feb 2026,2026,1,Q1 2026,2026-02-01,2,February,Feb,2026-02,202602,2026-02-02,6,3,Wednesday,False,True
20260205,2026-02-05,05 Feb 2026,2026,1,Q1 2026,2026-02-01,2,February,Feb,2026-02,202602,2026-02-02,6,4,Thursday,False,True
20260206,2026-02-06,06 Feb 2026,2026,1,Q1 2026,2026-02-01,2,February,Feb,2026-02,202602,2026-02-02,6,5,Friday,False,True
20260207,2026-02-07,07 Feb 2026,2026,1,Q1 2026,2026-02-01,2,February,Feb,2026-02,202602,2026-02-02,6,6,Saturday,True,False
20260208,2026-02-08,08 Feb 2026,2026,1,Q1 2026,2026-02-01,2,February,Feb,2026-02,202602,2026-02-02,6,7,Sunday,True,False
20260209,2026-02-09,09 Feb 2026,2026,1,Q1 2026,2026-02-01,2,February,Feb,2026-02,202602,2026-02-09,7,1,Monday,False,True
20260210,2026-02-10,10 Feb 2026,2026,1,Q1 2026,2026-02-01,2,February,Feb,2026-02,202602,2026-02-09,7,2,Tuesday,False,True
20260211,2026-02-11,11 Feb 2026,2026,1,Q1 2026,2026-02-01,2,February,Feb,2026-02,202602,2026-02-09,7,3,Wednesday,False,True
20260212,2026-02-12,12 Feb 2026,2026,1,Q1 2026,2026-02-01,2,February,Feb,2026-02,202602,2026-02-09,7,4,Thursday,False,True
20260213,2026-02-13,13 Feb 2026,2026,1,Q1 2026,2026-02-01,2,February,Feb,2026-02,202602,2026-02-09,7,5,Friday,False,True
20260214,2026-02-14,14 Feb 2026,2026,1,Q1 2026,2026-02-01,2,February,Feb,2026-02,202602,2026-02-09,7,6,Saturday,True,False
20260215,2026-02-15,15 Feb 2026,2026,1,Q1 2026,2026-02-01,2,February,Feb,2026-02,202602,2026-02-09,7,7,Sunday,True,False
20260216,2026-02-16,16 Feb 2026,2026,1,Q1 2026,2026-02-01,2,February,Feb,2026-02,202602,2026-02-16,8,1,Monday,False,True
20260217,2026-02-17,17 Feb 2026,2026,1,Q1 2026,2026-02-01,2,February,Feb,2026-02,202602,2026-02-16,8,2,Tuesday,False,True
20260218,2026-02-18,18 Feb 2026,2026,1,Q1 2026,2026-02-01,2,February,Feb,2026-02,202602,2026-02-16,8,3,Wednesday,False,True
20260219,2026-02-19,19 Feb 2026,2026,1,Q1 2026,2026-02-01,2,February,Feb,2026-02,202602,2026-02-16,8,4,Thursday,False,True
20260220,2026-02-20,20 Feb 2026,2026,1,Q1 2026,2026-02-01,2,February,Feb,2026-02,202602,2026-02-16,8,5,Friday,False,True
20260221,2026-02-21,21 Feb 2026,2026,1,Q1 2026,2026-02-01,2,February,Feb,2026-02,202602,2026-02-16,8,6,Saturday,True,False
20260222,2026-02-22,22 Feb 2026,2026,1,Q1 2026,2026-02-01,2,February,Feb,2026-02,202602,2026-02-16,8,7,Sunday,True,False
20260223,2026-02-23,23 Feb 2026,2026,1,Q1 2026,2026-02-01,2,February,Feb,2026-02,202602,2026-02-23,9,1,Monday,False,True
20260224,2026-02-24,24 Feb 2026,2026,1,Q1 2026,2026-02-01,2,February,Feb,2026-02,202602,2026-02-23,9,2,Tuesday,False,True
20260225,2026-02-25,25 Feb 2026,2026,1,Q1 2026,2026-02-01,2,February,Feb,2026-02,202602,2026-02-23,9,3,Wednesday,False,True
